hotel_name,url
ホテルエピナール那須,https://www.jalan.net/yad339312/kuchikomi/
ウェルネスの森　那須（共立リゾート）,https://www.jalan.net/yad325658/kuchikomi/
亀の井ホテル 喜連川,https://www.jalan.net/yad308484/kuchikomi/
グランピングリゾート　ブリリアントヴィレッジ日光,https://www.jalan.net/yad304257/kuchikomi/
ホテル森の風那須,https://www.jalan.net/yad303456/kuchikomi/
ホテルフォレストヒルズ那須　～愛犬と旅する大自然のリゾート～,https://www.jalan.net/yad360925/kuchikomi/
四季の宿　こよみ,https://www.jalan.net/yad391075/kuchikomi/
東急那須リゾート　ホテルハーヴェスト那須,https://www.jalan.net/yad345871/kuchikomi/
ホテル東日本宇都宮,https://www.jalan.net/yad332755/kuchikomi/
ＤＯＧＳＰＡＲＥＳＯＲＴアルトピアーノ,https://www.jalan.net/yad348360/kuchikomi/
ＳｈａｒｅＲｅｓｏｒｔ　あにまる御殿,https://www.jalan.net/yad357015/kuchikomi/
愛犬と泊まれるプチホテル 那須温泉 ザ ハートフィールド イン,https://www.jalan.net/yad317435/kuchikomi/
那須ハミルの森,https://www.jalan.net/yad324000/kuchikomi/
那須の犬宿クーネル,https://www.jalan.net/yad360624/kuchikomi/
亀の井ホテル 塩原 ワンちゃんの宿,https://www.jalan.net/yad309832/kuchikomi/
奥日光湯元温泉　奥日光高原ホテル,https://www.jalan.net/yad337093/kuchikomi/
ナチュラルテイストの宿　インザミスト,https://www.jalan.net/yad306525/kuchikomi/
ペット連れ専用の宿　アニマーレ,https://www.jalan.net/yad325139/kuchikomi/
ペットといっしょに貸切温泉　メゾン　ド　ブラン,https://www.jalan.net/yad334706/kuchikomi/
ホテル四季の館那須,https://www.jalan.net/yad386876/kuchikomi/
ホテルラフォーレ那須,https://www.jalan.net/yad322000/kuchikomi/
こころ宿　ＮＡＧＯＭＩ,https://www.jalan.net/yad379980/kuchikomi/
那須ハイランドパーク　オフィシャルホテル　TOWAピュアコテージ,https://www.jalan.net/yad349849/kuchikomi/
ペンションｆｕｒａｒｉ,https://www.jalan.net/yad372076/kuchikomi/
Ｈｏｔｅｌ　Ｒｅｓｔａ（ホテル　レスタ）,https://www.jalan.net/yad317412/kuchikomi/
Mimoza Retreat NASU ミモザリトリート那須,https://www.jalan.net/yad389332/kuchikomi/
ゲストハウス　もみの木,https://www.jalan.net/yad325338/kuchikomi/
ゆるり奥日光withDOGS,https://www.jalan.net/yad324123/kuchikomi/
ペットと一緒にお泊まり　湯乃宿　清盛,https://www.jalan.net/yad329036/kuchikomi/
ペット同室宿泊パイオニアの宿　きぬ川国際ホテル,https://www.jalan.net/yad369720/kuchikomi/
那須高原　愛犬と泊まれる　森のコテージ　くるみの木,https://www.jalan.net/yad308352/kuchikomi/
ペンション　ハロハロ inn 那須,https://www.jalan.net/yad330266/kuchikomi/
リブマックスリゾート鬼怒川,https://www.jalan.net/yad373723/kuchikomi/
秘湯の宿　元泉館,https://www.jalan.net/yad312854/kuchikomi/
HAMIRU’S FOREST WITH DOG,https://www.jalan.net/yad363410/kuchikomi/
ペンション　ありの塔,https://www.jalan.net/yad316828/kuchikomi/
森の別荘＆ログハウス　ヴィラージュ那須高原,https://www.jalan.net/yad341815/kuchikomi/
ペットと泊まれるコテージ　塩原グリーンビレッジ,https://www.jalan.net/yad332120/kuchikomi/
リブマックスリゾート那須高原,https://www.jalan.net/yad382472/kuchikomi/
プティホテル セ・ボン,https://www.jalan.net/yad325914/kuchikomi/
ペット連れ専用のホテル　アニマーレ　プレミアムin那須,https://www.jalan.net/yad330945/kuchikomi/
リブマックスリゾート川治（旧名：源泉の宿　らんりょう）,https://www.jalan.net/yad322244/kuchikomi/
東急バケーションズ那須,https://www.jalan.net/yad367562/kuchikomi/
ｄｏｇ’ｓ　ｐｅｎｓｉｏｎ　しゃのんち,https://www.jalan.net/yad367617/kuchikomi/
ホテル ウェリィスミヨシ,https://www.jalan.net/yad312883/kuchikomi/
伏楽の館　那須湯本店,https://www.jalan.net/yad349982/kuchikomi/
Ｎｅｎｎ　ＮＡＳＵＫＯＵＧＥＮ,https://www.jalan.net/yad321428/kuchikomi/
那須高原　わんこと泊まれる宿　ＭＯＮ,https://www.jalan.net/yad398320/kuchikomi/
ペットと泊まれる宿ルアカハ,https://www.jalan.net/yad301610/kuchikomi/
リトルベアーズ,https://www.jalan.net/yad341764/kuchikomi/
サンタヒルズ,https://www.jalan.net/yad341248/kuchikomi/
Ｓｏｌａｎａ日光,https://www.jalan.net/yad355361/kuchikomi/
ＶｉｌｌａＥＬ５,https://www.jalan.net/yad355155/kuchikomi/
6月の森　オーベルジュ,https://www.jalan.net/yad394024/kuchikomi/
ペットと泊まれる宿(ペット同伴専門)｜温泉旅館 鬼怒川 絆,https://www.jalan.net/yad381585/kuchikomi/
那須ＫＩＲＩＮ邸,https://www.jalan.net/yad393219/kuchikomi/
ペンション高原の小枝,https://www.jalan.net/yad325803/kuchikomi/
那須貸切御宿 趣（Omomuki）,https://www.jalan.net/yad341294/kuchikomi/
スイートヴィラ那須高原Doggy‘s　オハナ,https://www.jalan.net/yad340247/kuchikomi/
那須高原ガーデンハウス丘の上,https://www.jalan.net/yad320966/kuchikomi/
NASU SATOYAMA FIELD,https://www.jalan.net/yad372317/kuchikomi/
和モダングランピング｜NAGOMI CAMP那須,https://www.jalan.net/yad387479/kuchikomi/
アニマーレ　アネックス,https://www.jalan.net/yad389154/kuchikomi/
